naics_code,busyness_count,busyness_value,annual_pay,worker_count
21,25417,529239818,59461950,848189
211,6735,310960365,15137960,176222
2111,6735,310960365,15137960,176222
21111,6735,310960365,15137960,176222
211111,6398,271148770,13917174,161685
211112,337,39811595,1220786,14537
212,6091,98287014,14061227,211830
2121,969,42254286,6721878,88728
21211,969,42254286,6721878,88728
212111,545,19648954,2617518,35664
212112,372,22319635,4068631,52329
212113,52,285697,35729,735
2122,321,29095642,3061247,40897
21221,21,4769386,415783,6021
212210,21,4769386,415783,6021
21222,189,10177240,1273530,15306
212221,174,9519847,1201317,14179
212222,15,657393,72213,1127
21223,55,12424485,1008156,14773
212231,16,1680830,170295,2218
212234,39,10743655,837861,12555
21229,56,1724531,363778,4797
212291,30,195909,58800,973
212299,26,1528622,304978,3824
2123,4801,26937086,4278102,82205
21231,2471,12164383,2114273,41421
212311,238,368608,100299,2860
212312,1483,8020504,1394706,26369
212313,353,1851378,278389,5208
212319,397,1923893,340879,6984
21232,2095,8140498,1417677,28502
212321,1840,4850716,967835,19600
212322,140,1732976,203832,4168
212324,30,852519,138559,2405
212325,85,704287,107451,2329
21239,235,6632205,746152,12282
212391,25,2903263,335538,5109
212392,11,2486447,159073,2510
212393,28,538362,103871,1873
212399,171,704133,147670,2790
213,12591,119992439,30262763,460137
2131,12591,119992439,30262763,460137
21311,12591,119992439,30262763,460137
213111,2179,30735287,8439260,115466
213112,9659,84790406,20601811,323523
213113,296,1819026,540163,9499
213114,230,2058588,529407,8658
213115,227,589132,152122,2991
22,17595,531890695,58922951,651234
221,17595,531890695,58922951,651234
2211,10330,430079295,49936923,522010
22111,2678,120025497,14847230,146701
221111,405,2452297,274179,3464
221112,1416,81473633,7997908,82071
221113,141,28867709,5698273,51354
221119,716,7231858,876870,9812
22112,7652,310053798,35089693,375309
221121,250,9959166,1407906,12465
221122,7402,300094632,33681787,362844
2212,2419,89568130,6681677,83937
22121,2419,89568130,6681677,83937
221210,2419,89568130,6681677,83937
2213,4846,12243270,2304351,45287
22131,4039,9437810,1841726,36352
221310,4039,9437810,1841726,36352
22132,712,1377034,301017,6849
221320,712,1377034,301017,6849
22133,95,1428426,161608,2086
221330,95,1428426,161608,2086
23,598065,1366427090,272546238,5669623
236,164496,507521675,55308182,1085043
236115,30380,39978406,4863245,123029
236116,1788,19252457,1655557,23997
236117,16093,81501113,5410496,92009
236118,77855,52495637,9485311,278921
236210,2622,25216663,4346835,74057
236220,35758,289077399,29546738,493031
237,32619,256314687,54713628,961322
237110,10086,39971320,8120310,153177
237120,2101,41452362,10808120,174432
237130,5707,44410158,12315651,226608
237210,2448,6533003,930179,17357
237310,8854,99289053,16997750,302042
237990,3423,24658790,5541617,87707
238,400950,602590728,162524428,3623257
238110,17070,29343506,7299666,189724
238120,3248,9896586,2954888,62247
238130,10451,8737972,2019233,64981
238140,16627,15766809,4671247,129426
238150,4693,7663024,1980725,42935
238160,16615,28218735,6175371,162763
238170,7145,4952885,1042740,32194
238190,4553,7385510,2134667,41863
238210,64653,124204217,36276438,707244
238220,86914,149483385,41631290,842421
238290,6623,24796459,7854782,127666
238310,16823,27442142,8066529,202303
238320,29744,18808923,6072218,178737
238330,12352,11190334,2325849,60104
238340,8448,5956560,1705133,47089
238350,29288,19363060,4389800,122805
238390,5175,7281537,2257099,55939
238910,34217,66067735,14867881,334140
238990,26311,36031352,8798872,218675
31,297191,5696729632,593397004,11214165
311,25619,739272444,54656609,1401968
3111,1690,57905651,2219970,44873
31111,1690,57905651,2219970,44873
311111,299,21542114,934258,16915
311119,1391,36363537,1285712,27958
3112,807,101456328,2959378,52765
31121,404,20401625,798741,15878
311211,305,15142667,565179,10971
311212,68,3900772,174103,3893
311213,31,1358186,59459,1015
31122,340,70241214,1353088,23435
311221,64,12984071,457523,6606
311222,108,37822454,364446,6504
311223,42,2671707,70050,1319
311225,126,16762982,461069,9006
31123,63,10813489,807549,13452
311230,63,10813489,807549,13452
3113,1856,33086098,3014769,69716
31131,78,10553752,692638,13049
311311,18,2407669,208830,3636
311312,29,3490946,186406,3047
311313,31,4655137,297402,6367
31132,164,4339545,306405,6348
311320,164,4339545,306405,6348
31133,1173,10529518,1137835,31052
311330,1173,10529518,1137835,31052
31134,441,7663283,877891,19267
311340,441,7663283,877891,19267
3114,1704,69924527,6544613,166050
31141,698,30272088,3207752,90236
311411,220,12181152,1127719,33766
311412,478,18090936,2080033,56470
31142,1006,39652439,3336861,75814
311421,690,23528071,2102792,48840
311422,112,9499919,620685,11850
311423,204,6624449,613384,15124
3115,1597,107425876,6448129,130980
31151,1211,100403442,5639994,112681
311511,439,36742979,2608137,50723
311512,37,2887438,86150,1883
311513,541,41240173,2072390,44374
311514,194,19532852,873317,15701
31152,386,7022434,808135,18299
311520,386,7022434,808135,18299
3116,3597,199563443,15457953,487070
31161,3597,199563443,15457953,487070
311611,1506,91831936,5274828,155169
311612,1346,44419369,3627901,98335
311613,213,5287437,423273,9065
311615,532,58024701,6131951,224503
3117,597,10758078,1260804,32876
31171,597,10758078,1260804,32876
311711,79,1201417,91528,2654
311712,518,9556661,1169276,30222
3118,10552,64626292,9486458,258343
31181,9418,36799942,6562414,188400
311811,6509,3115888,1009464,52183
311812,2672,28112270,4816022,115634
311813,237,5571784,736928,20584
31182,772,24151765,2354644,52720
311821,344,11482526,1338602,29953
311822,282,8808875,784601,18354
311823,146,3860364,231441,4413
31183,362,3674585,569400,17224
311830,362,3674585,569400,17224
3119,3219,94526151,7264535,159295
31191,617,31747996,1930929,44016
311911,243,11127118,703766,16719
311919,374,20620878,1227163,27297
31192,449,13192711,835322,15340
311920,449,13192711,835322,15340
31193,146,8751671,416914,7043
311930,146,8751671,416914,7043
31194,701,19189283,1707788,30990
311941,328,10032303,723391,14573
311942,373,9156980,984397,16417
31199,1306,21644490,2373582,61907
311991,702,10156599,1292587,37985
311999,604,11487891,1080995,23922
312,5072,142234911,7592548,148332
3121,4958,102051343,6680215,134205
31211,1193,48564228,2974501,63221
312111,458,42129308,2374597,49374
312112,294,5738850,442057,9077
312113,441,696070,157847,4771
31212,874,28398158,1506646,26336
312120,874,28398158,1506646,26336
31213,2640,15471316,1772088,37659
312130,2640,15471316,1772088,37659
31214,251,9617641,426980,6989
312140,251,9617641,426980,6989
3122,114,40183568,912333,14127
31221,14,1489937,72696,2377
312210,14,1489937,72696,2377
31222,100,38693631,839637,11750
312221,28,32099438,540286,6903
312229,72,6594193,299351,4847
313,2329,30216205,3947511,103460
3131,316,7736894,783820,24464
31311,316,7736894,783820,24464
313111,188,4282172,423158,13069
313112,82,3169838,319228,9958
313113,46,284884,41434,1438
3132,961,14979980,2000350,49352
31321,328,4334202,617434,18364
313210,328,4334202,617434,18364
31322,208,1016644,224650,6494
313221,148,937491,204209,5697
313222,60,79153,20441,797
31323,241,8062548,903432,17021
313230,241,8062548,903432,17021
31324,184,1566586,254834,7474
313241,79,777202,119543,3554
313249,105,789384,135291,3920
3133,1052,7499331,1163341,29645
31331,869,5190346,817456,22970
313311,509,3379666,494363,13442
313312,360,1810680,323093,9528
31332,183,2308985,345885,6675
313320,183,2308985,345885,6675
314,6251,22099895,3712967,112970
3141,1982,12769076,1744270,51639
31411,284,9021041,1055918,27613
314110,284,9021041,1055918,27613
31412,1698,3748035,688352,24026
314121,1121,913720,250174,9129
314129,577,2834315,438178,14897
3149,4269,9330819,1968697,61332
31491,1514,2906902,690284,20991
314911,207,536501,131734,4279
314912,1307,2370401,558550,16712
31499,2755,6423917,1278413,40341
314991,126,825536,140424,3669
314992,10,811944,95255,1915
314999,2619,4786437,1042734,34756
315,6364,12264646,2770749,104456
3151,273,1760410,363607,12495
31511,145,1111732,271046,9758
315111,31,309847,85656,3462
315119,114,801885,185390,6296
31519,128,648678,92561,2737
315191,122,647591,92356,2725
315192,6,1087,205,12
3152,5550,9393724,2174794,83810
31521,2905,2226214,804483,39147
315211,689,776430,320490,15225
315212,2216,1449784,483993,23922
31522,456,1381683,331883,13075
315221,10,157958,26883,863
315222,159,298970,90517,3430
315223,115,202445,58159,2170
315224,23,29111,7495,356
315225,82,415408,85660,3757
315228,67,277791,63169,2499
31523,1805,4769796,779371,23224
315231,67,89239,23116,890
315232,192,1832088,276979,9144
315233,1239,1530662,258144,7131
315234,90,196612,27607,859
315239,217,1121195,193525,5200
31529,384,1016031,259057,8365
315291,36,18864,4854,210
315292,75,107541,24365,823
315299,273,889626,229838,7331
3159,541,1110512,232348,8152
31599,541,1110512,232348,8152
315991,114,234836,68773,2668
315992,49,132814,25670,1105
315993,32,279456,37148,881
315999,346,463406,100757,3498
316,1117,4986376,830396,26152
3161,198,1537510,133428,3510
31611,198,1537510,133428,3510
316110,198,1537510,133428,3510
3162,217,2022737,374773,11450
31621,217,2022737,374773,11450
316211,46,530304,71757,2042
316213,97,1042071,199291,6272
316214,38,388533,87251,2588
316219,36,61829,16474,548
3169,702,1426129,322195,11192
31699,702,1426129,322195,11192
316991,160,403005,95797,2972
316992,112,302011,57519,1691
316993,94,130418,31356,1168
316999,336,590695,137523,5362
321,13579,77838961,12445675,336639
3211,3349,23070826,2996972,72804
32111,3349,23070826,2996972,72804
321113,2928,18785567,2629715,64743
321114,421,4285259,367257,8061
3212,1437,17105778,2542274,60687
32121,1437,17105778,2542274,60687
321211,240,2532796,439647,11734
321212,100,4221047,623881,13739
321213,107,901798,120672,2854
321214,772,3084288,696224,18828
321219,218,6365849,661850,13531
3219,8793,37662357,6906429,203149
32191,3630,20170667,3573651,97808
321911,1139,9196661,1815229,46713
321912,989,5979132,838090,24358
321918,1502,4994874,920332,26738
32192,2687,6889954,1438803,49003
321920,2687,6889954,1438803,49003
32199,2476,10601736,1893975,56338
321991,271,3492514,686290,20912
321992,615,2323210,441883,12012
321999,1590,4786012,765802,23414
322,4425,180610366,19910069,350185
3221,371,81173301,7651884,106428
32211,32,5985071,590813,7728
322110,32,5985071,590813,7728
32212,183,46746883,4448777,63790
322121,166,44026857,4193576,60217
322122,17,2720026,255201,3573
32213,156,28441347,2612294,34910
322130,156,28441347,2612294,34910
3222,4054,99437065,12258185,243758
32221,2115,53805364,7047793,136875
322211,1264,33604124,4146346,76372
322212,507,12596499,1991529,39456
322213,82,818432,155662,3431
322214,194,2273939,287804,6217
322215,68,4512370,466452,11400
32222,816,21304814,2601905,50481
322221,113,2442520,290847,6090
322222,463,12816562,1424924,25182
322223,50,1071242,193118,3879
322224,89,2559247,371785,9038
322225,33,1371211,181093,3263
322226,68,1044032,140138,3029
32223,460,6944097,913180,21876
322231,182,3125598,259035,6003
322232,173,2823631,522010,12268
322233,105,994868,132135,3605
32229,663,17382790,1695307,34527
322291,142,12175509,949647,18071
322299,521,5207281,745660,16455
323,27561,82453090,19967837,462117
3231,27561,82453090,19967837,462117
32311,25832,78950451,18720362,434574
323110,10464,39581415,9871420,215340
323111,261,3037137,566390,12260
323112,904,8701186,1756076,34417
323113,4509,7218253,1853600,57812
323114,4001,1848829,565566,16848
323115,3326,8218414,2006481,46129
323116,459,3660379,518087,13248
323117,476,4234220,999725,24104
323118,152,1118640,204068,4939
323119,1280,1331978,378949,9478
32312,1729,3502639,1247475,27542
323121,748,1435989,507853,14768
323122,981,2066650,739622,12774
324,2193,851135772,9371940,101209
3241,2193,851135772,9371940,101209
32411,158,801904517,7012019,62542
324110,158,801904517,7012019,62542
32412,1597,24040927,1325309,23496
324121,1374,13280805,745697,14402
324122,223,10760122,579612,9094
32419,438,25190328,1034612,15172
324191,328,19866748,822726,11835
324199,110,5323580,211886,3337
325,13317,785299730,53312521,735553
3251,2482,275975146,11814459,148270
32511,55,82370366,971910,8582
325110,55,82370366,971910,8582
32512,451,7371242,686415,9723
325120,451,7371242,686415,9723
32513,158,9098635,651611,9064
325131,80,6783761,409385,5455
325132,78,2314874,242226,3608
32518,645,34655735,2878668,37114
325181,53,8086846,601409,6879
325182,28,2359356,122643,1714
325188,564,24209533,2154616,28521
32519,1173,142479168,6625855,83787
325191,58,2337098,157829,2594
325192,28,7145975,302716,3052
325193,222,42648897,602758,10391
325199,865,90347198,5562552,67751
3252,1415,109511724,5939336,87103
32521,1291,100881840,5271150,73440
325211,1144,91522116,4764686,66325
325212,147,9359724,506464,7115
32522,124,8629884,668186,13664
325221,11,1720702,103399,1455
325222,113,6909182,564787,12209
3253,925,41460770,1982136,30601
32531,715,26284952,1237699,19205
325311,189,9493392,393352,5255
325312,78,11644813,480075,6582
325314,448,5146747,364272,7368
32532,210,15175818,744437,11397
325320,210,15175818,744437,11397
3254,2150,189036465,20357697,243270
32541,2150,189036465,20357697,243270
325411,427,12583494,2039372,27879
325412,1165,136453046,12516539,147595
325413,237,12907942,2354333,27311
325414,321,27091983,3447453,40485
3255,1705,36181568,3239437,53650
32551,1162,24073361,2061855,34148
325510,1162,24073361,2061855,34148
32552,543,12108207,1177582,19503
325520,543,12108207,1177582,19503
3256,2220,86805714,5266511,91214
32561,1313,46332626,2574998,42695
325611,662,25056519,1280630,22398
325612,506,9578659,853957,14807
325613,145,11697448,440411,5490
32562,907,40473088,2691513,48520
325620,907,40473088,2691513,48520
3259,2420,46328343,4712945,81445
32591,408,4895756,604195,10719
325910,408,4895756,604195,10719
32592,77,2133175,358202,6180
325920,77,2133175,358202,6180
32599,1935,39299412,3750548,64546
325991,452,10318344,926700,16938
325992,320,8731724,816215,13927
325998,1163,20249344,2007633,33681
326,12767,218571414,31073706,699924
3261,10825,173082420,24921600,571968
32611,1310,39810803,4875833,93929
326111,319,9462487,1185239,26473
326112,401,12770969,1621866,30792
326113,590,17577347,2068728,36664
32612,880,15347469,1826373,39949
326121,406,6150654,917577,19002
326122,474,9196815,908796,20947
32613,240,3527597,535514,10787
326130,240,3527597,535514,10787
32614,429,8648916,951087,24088
326140,429,8648916,951087,24088
32615,650,9523584,1205016,28498
326150,650,9523584,1205016,28498
32616,458,12215000,1338229,31817
326160,458,12215000,1338229,31817
32619,6858,84009051,14189548,342900
326191,394,2962616,523163,14512
326192,70,1849167,237266,4139
326199,6394,79197268,13429119,324250
3262,1942,45488994,6152106,127956
32621,530,21760784,2702452,49824
326211,111,20240441,2456984,43197
326212,419,1520343,245468,6627
32622,256,5243034,838403,18748
326220,256,5243034,838403,18748
32629,1156,18485176,2611251,59385
326291,455,7482114,1196530,28414
326299,701,11003062,1414721,30971
327,15388,99042260,16383560,352424
3271,1243,7290688,1450917,34370
32711,669,2154455,516574,13097
327111,23,700653,121966,2977
327112,547,578367,176583,5744
327113,99,875435,218025,4377
32712,574,5136233,934343,21273
327121,178,1032050,259869,6865
327122,126,1011819,167445,4330
327123,34,143306,47979,1090
327124,138,1250986,204653,4389
327125,98,1698072,254397,4600
3272,1810,23217580,4074785,83475
32721,1810,23217580,4074785,83475
327211,62,3164168,437173,9022
327212,440,3669567,711467,14856
327213,61,4995432,843504,14584
327215,1247,11388413,2082641,45014
3273,8865,41068560,6859319,152909
32731,241,5894830,779741,11957
327310,241,5894830,779741,11957
32732,5475,20474199,3164009,71527
327320,5475,20474199,3164009,71527
32733,1182,6006510,1044768,23273
327331,822,3990537,663346,15006
327332,360,2015973,381422,8267
32739,1967,8693021,1870801,46153
327390,1967,8693021,1870801,46153
3274,310,6039963,682482,12124
32741,94,2355389,252649,4363
327410,94,2355389,252649,4363
32742,216,3684574,429833,7761
327420,216,3684574,429833,7761
3279,3160,21425469,3316057,69545
32791,303,5394985,710232,12701
327910,303,5394985,710232,12701
32799,2857,16030484,2605825,56844
327991,1876,3551282,945162,24909
327992,252,3484292,424200,7258
327993,271,4863245,761110,13950
327999,458,4131665,475353,10728
331,4541,269539592,23237120,392495
3311,406,112594350,7792245,102974
33111,406,112594350,7792245,102974
331111,380,109991496,7560938,99246
331112,26,2602854,231307,3728
3312,687,25911590,2666958,47219
33121,206,14705685,1598582,26400
331210,206,14705685,1598582,26400
33122,481,11205905,1068376,20818
331221,180,5583122,420197,6780
331222,301,5622783,648179,14039
3313,539,37652496,3151999,55998
33131,539,37652496,3151999,55998
331311,19,1428892,140903,1944
331312,26,5066331,471429,6874
331314,115,5792117,306430,5592
331315,104,16058144,1124580,17108
331316,212,7985581,983525,21537
331319,63,1321431,125132,2943
3314,1029,61486822,3645249,60733
33141,207,15315607,699014,10969
331411,12,6147186,125974,2143
331419,195,9168421,573040,8826
33142,252,23346731,1199671,21378
331421,98,14375592,544457,9639
331422,129,7457238,585292,10719
331423,25,1513901,69922,1021
33149,570,22824484,1746564,28386
331491,310,7823665,1089138,17428
331492,260,15000819,657426,10958
3315,1880,31894334,5980669,125573
33151,731,19130788,3481252,70506
331511,401,10938313,1904965,38637
331512,122,3735245,717435,14301
331513,208,4457230,858852,17568
33152,1149,12763546,2499417,55067
331521,299,5760569,1023599,23319
331522,129,1934351,374264,6977
331524,424,2835243,662275,15416
331525,187,1467848,266413,5891
331528,110,765535,172866,3464
332,55502,339926995,67702554,1388550
3321,2535,34440170,5640031,111731
33211,2535,34440170,5640031,111731
332111,346,9242769,1228148,21836
332112,61,2986591,408438,6964
332114,491,8354286,1086227,21408
332115,56,1428249,181236,3631
332116,1445,10423770,2357489,49588
332117,136,2004505,378493,8305
3322,1189,9822300,1733858,35040
33221,1189,9822300,1733858,35040
332211,123,2925507,257635,4452
332212,900,5162002,1092855,23342
332213,111,941395,248991,4408
332214,55,793396,134377,2838
3323,12366,76076067,14837942,320394
33231,4960,40149799,7193747,144942
332311,643,6206468,1093711,21712
332312,3081,26606008,4443288,87923
332313,1236,7337323,1656748,35307
33232,7406,35926268,7644195,175452
332321,1081,9855881,1892264,45665
332322,4120,20275600,4471047,99904
332323,2205,5794787,1280884,29883
3324,1535,35099468,4912510,88594
33241,317,7014783,1414109,24061
332410,317,7014783,1414109,24061
33242,703,9347546,1846883,35449
332420,703,9347546,1846883,35449
33243,515,18737139,1651518,29085
332431,173,15151474,1120477,17296
332439,342,3585665,531041,11789
3325,612,7426842,1205942,26167
33251,612,7426842,1205942,26167
332510,612,7426842,1205942,26167
3326,1292,8667723,1633723,37694
33261,1292,8667723,1633723,37694
332611,93,1037886,168709,3562
332612,297,2561336,519265,11413
332618,902,5068501,945749,22719
3327,23766,66914783,18913063,387612
33271,19258,38891707,11858746,246799
332710,19258,38891707,11858746,246799
33272,4508,28023076,7054317,140813
332721,3682,18114189,5145102,104493
332722,826,9908887,1909215,36321
3328,5771,26924797,5369071,124531
33281,5771,26924797,5369071,124531
332811,815,6588501,1093303,22199
332812,2527,13103923,2147760,49633
332813,2429,7232373,2128008,52698
3329,6436,74554845,13456414,256788
33291,1263,32013494,5375547,96412
332911,529,12927621,2146222,37744
332912,369,10173868,2027212,35379
332913,118,3849182,363482,7492
332919,247,5062823,838631,15798
33299,5173,42541351,8080867,160375
332991,174,6938477,1166469,23034
332992,111,3648529,601249,10413
332993,55,3505656,789567,11003
332994,269,4755345,686730,12763
332995,67,1104309,237123,3409
332996,760,8190429,1498078,29332
332997,339,528585,193925,4412
332998,56,982283,165460,2893
332999,3342,12887738,2742266,63117
333,24190,402010685,59853609,1055007
3331,3082,117204264,11823665,213769
33311,1279,42276419,3804360,78987
333111,1124,34615918,3226388,63643
333112,155,7660501,577972,15345
33312,781,42193450,3395710,62302
333120,781,42193450,3395710,62302
33313,1022,32734395,4623595,72480
333131,298,7116659,1111511,17280
333132,724,25617736,3512084,55200
3332,3292,32299286,6634191,97136
33321,204,653916,175289,3153
333210,204,653916,175289,3153
33322,458,3173372,712798,12939
333220,458,3173372,712798,12939
33329,2630,28471998,5746104,81045
333291,206,2434556,558549,8529
333292,236,773286,193678,4123
333293,350,1829448,464424,7866
333294,450,4581246,952590,15665
333295,186,10118857,1686094,15045
333298,1202,8734605,1890769,29816
3333,2028,24965486,4670923,80287
33331,2028,24965486,4670923,80287
333311,76,844904,150580,3551
333312,51,1276458,187790,4307
333313,86,1257427,239764,3895
333314,430,4937009,1140214,17278
333315,206,1981809,300886,5008
333319,1179,14667879,2651689,46248
3334,1840,41825442,5943034,129556
33341,1840,41825442,5943034,129556
333411,341,4026853,707036,16839
333412,148,2057380,398928,7960
333414,465,5073536,953362,18646
333415,886,30667673,3883708,86110
3335,6727,29475900,7943404,142277
33351,6727,29475900,7943404,142277
333511,1664,6071689,1847558,35057
333512,331,5569785,1022777,16078
333513,162,2056781,499436,8607
333514,2498,7115327,2301008,41676
333515,1705,5364127,1493435,29216
333516,63,1037242,191899,3001
333518,304,2260949,587291,8644
3336,1005,54052010,6204736,106023
33361,1005,54052010,6204736,106023
333611,183,16919698,2511249,36955
333612,244,4862634,861311,15800
333613,247,4441820,818718,15074
333618,331,27827858,2013458,38195
3339,6216,102188297,16633656,285961
33391,883,26686672,3796530,61680
333911,540,14768691,2161211,35845
333912,308,10284962,1359709,21496
333913,35,1633019,275610,4339
33392,1629,30684264,4231659,79422
333921,181,1971729,362337,7105
333922,802,8556707,1784998,32094
333923,291,9040840,979947,17862
333924,355,11114988,1104377,22361
33399,3704,44817361,8605467,144859
333991,149,4016875,405954,7700
333992,342,5745245,991068,14874
333993,582,5704776,1254746,19769
333994,353,2706548,640554,11004
333995,330,6952532,1478956,25989
333996,146,3953278,633881,10509
333997,83,819141,173798,3342
333999,1719,14918966,3026510,51674
334,13301,313754975,62940798,857093
3341,1123,30073246,4075826,56173
33411,1123,30073246,4075826,56173
334111,366,10151975,1550100,19427
334112,112,8445704,747077,11214
334113,26,638501,53825,841
334119,619,10837066,1724824,24691
3342,1490,43615250,9081821,106620
33421,266,8241046,1420675,18318
334210,266,8241046,1420675,18318
33422,841,30255941,6715417,73195
334220,841,30255941,6715417,73195
33429,383,5118263,945729,15107
334290,383,5118263,945729,15107
3343,466,3039424,542638,9994
33431,466,3039424,542638,9994
334310,466,3039424,542638,9994
3344,4238,90442216,17298360,277043
33441,4238,90442216,17298360,277043
334411,83,1253531,327447,5222
334412,562,4478535,1109328,24165
334413,862,48613197,8532944,102570
334414,65,1140608,214910,5125
334415,55,472163,152210,3863
334416,291,2127644,503335,11124
334417,229,5596824,1122472,20511
334418,916,17362918,2870790,58923
334419,1175,9396796,2464924,45541
3345,5397,143727894,31179898,390235
33451,5397,143727894,31179898,390235
334510,791,28227779,5418406,71339
334511,588,46953765,11556285,127574
334512,295,2598576,723950,11199
334513,858,11086998,2320455,35631
334514,213,6723142,973030,15056
334515,866,12602307,2819847,34031
334516,707,14529122,3501871,43940
334517,169,9319754,1356801,15447
334518,114,723006,186830,3708
334519,796,10963445,2322423,32312
3346,587,2856945,762255,17029
33461,587,2856945,762255,17029
334611,164,393807,122705,2042
334612,347,2183805,551744,13780
334613,76,279333,87806,1207
335,5723,123616757,17644019,337672
3351,1107,11912209,2127373,43823
33511,67,1889569,382336,6494
335110,67,1889569,382336,6494
33512,1040,10022640,1745037,37329
335121,318,1360066,254534,6296
335122,439,4722221,848486,18278
335129,283,3940353,642017,12756
3352,247,19529997,1855157,42726
33521,108,3695657,416221,9326
335211,83,2588963,312034,6816
335212,25,1106694,104187,2511
33522,139,15834340,1438936,33400
335221,88,4359383,382729,10312
335222,22,D, D ,i
335224,4,D, D ,i
335228,25,4547248,399015,8772
3353,2204,38871704,6365395,116677
33531,2204,38871704,6365395,116677
335311,259,5805131,966490,19333
335312,469,11388341,1573120,31600
335313,522,11317596,1854158,32050
335314,954,10360636,1971627,33695
3359,2165,53302847,7296094,134446
33591,192,10955684,1409918,27945
335911,133,6535547,1011232,20383
335912,59,4420137,398686,7562
33592,376,15235833,1527032,28850
335921,101,2204592,347274,5987
335929,275,13031241,1179758,22863
33593,585,13106849,1999367,40146
335931,418,6910565,1265257,25909
335932,167,6196284,734110,14237
33599,1012,14004481,2359777,37505
335991,155,3560230,494684,8992
335999,857,10444251,1865093,28514
336,11917,785685996,85132687,1357124
3361,347,260516021,11190397,157217
33611,263,230957229,9610923,127942
336111,185,108781811,5056485,69285
336112,78,122175418,4554438,58658
33612,84,29558792,1579474,29275
336120,84,29558792,1579474,29275
3362,1912,31963522,4810935,113776
33621,1912,31963522,4810935,113776
336211,754,11439261,1810513,41176
336212,419,7976866,1111439,27670
336213,61,2243140,300071,6609
336214,678,10304255,1588912,38322
3363,5167,215723251,23440449,466061
33631,845,29427161,2893184,48566
336311,107,2358976,418975,9296
336312,738,27068185,2474209,39270
33632,670,19568814,2453909,50066
336321,92,3502029,569795,12420
336322,578,16066785,1884114,37646
33633,249,11990979,1411200,29282
336330,249,11990979,1411200,29282
33634,194,10880734,1078221,23130
336340,194,10880734,1078221,23130
33635,510,34850384,3637823,59908
336350,510,34850384,3637823,59908
33636,403,22306463,2111549,50452
336360,403,22306463,2111549,50452
33637,775,29263835,4351574,83680
336370,775,29263835,4351574,83680
33639,1521,57434881,5502989,120977
336391,73,6588615,648305,12259
336399,1448,50846266,4854684,108718
3364,1764,209644964,34735497,424892
33641,1764,209644964,34735497,424892
336411,288,113025975,14572330,171749
336412,468,37132571,5737624,79125
336413,886,34251579,7481851,106935
336414,35,19713760,5362422,48166
336415,28,4210208,1151312,12530
336419,59,1310871,429958,6388
3365,237,17160151,1711735,28372
33651,237,17160151,1711735,28372
336510,237,17160151,1711735,28372
3366,1581,32076066,7433718,133273
33661,1581,32076066,7433718,133273
336611,697,24946480,6285536,105192
336612,884,7129586,1148182,28081
3369,909,18602021,1809956,33534
33699,909,18602021,1809956,33534
336991,453,5855749,504704,10606
336992,43,5564004,701607,9956
336999,413,7182268,603645,12972
337,16443,67012607,13005377,344023
3371,11871,33525847,7069321,205521
33711,6839,10764778,2659568,77649
337110,6839,10764778,2659568,77649
33712,5032,22761069,4409753,127871
337121,1229,10478356,1783025,55557
337122,2425,4109617,960692,31423
337124,296,2178652,354467,9542
337125,202,986506,117259,3098
337127,718,4723353,1119750,26119
337129,162,284585,74560,2133
3372,3778,23747488,4740751,106939
33721,3778,23747488,4740751,106939
337211,378,2583501,528045,13774
337212,2048,5966326,1688007,37279
337214,252,8503645,1182333,22528
337215,1100,6694016,1342366,33357
3379,794,9739272,1195305,31564
33791,437,7974140,779834,19995
337910,437,7974140,779834,19995
33792,357,1765132,415471,11569
337920,357,1765132,415471,11569
339,29592,149155955,27904752,546814
3391,11517,90885417,16678826,287374
33911,11517,90885417,16678826,287374
339112,1337,37675583,6758871,105419
339113,2079,37085962,6227488,99091
339114,721,4896119,793264,14358
339115,569,6517864,1164261,23168
339116,6811,4709889,1734942,45339
3399,18075,58270538,11225926,259440
33991,2050,7598964,1069992,26026
339911,1319,5335238,698893,15604
339912,77,99931,22712,788
339913,172,1094219,122826,3416
339914,482,1069576,225561,6219
33992,1629,10291397,1661539,36968
339920,1629,10291397,1661539,36968
33993,531,1661299,268047,6676
339931,60,88693,18881,553
339932,471,1572606,249166,6123
33994,521,2773436,436164,10517
339941,57,610775,124158,2884
339942,119,1265140,138580,3371
339943,308,437598,111598,3140
339944,37,459923,61828,1121
33995,5454,10740474,3001006,68384
339950,5454,10740474,3001006,68384
33999,7890,25204968,4789178,110870
339991,567,6586348,1382658,29140
339992,594,1832787,487242,11407
339993,135,828369,178689,3824
339994,192,2830954,390575,8876
339995,110,731420,158633,3751
339999,6292,12395090,2191381,53872
42,419464,7899978591,362121460,5881913
423,245362,3152140174,216773832,3355006
4231,25318,720966602,18485339,371874
42311,6644,531361828,7067181,117943
423110,6644,531361828,7067181,117943
42312,14158,151223677,9144658,200008
423120,14158,151223677,9144658,200008
42313,2535,33548560,1646608,35581
423130,2535,33548560,1646608,35581
42314,1981,4832537,626892,18342
423140,1981,4832537,626892,18342
4232,12987,87078109,7664287,145741
42321,6028,38704358,3428709,63566
423210,6028,38704358,3428709,63566
42322,6959,48373751,4235578,82175
423220,6959,48373751,4235578,82175
4233,16747,135688498,9610739,190431
42331,7234,68809835,4725771,96592
423310,7234,68809835,4725771,96592
42332,3503,20970161,1396659,28574
423320,3503,20970161,1396659,28574
42333,2856,30696813,1831622,30965
423330,2856,30696813,1831622,30965
42339,3154,15211689,1656687,34300
423390,3154,15211689,1656687,34300
4234,35595,497234210,53630849,664770
42341,923,13312202,931185,13754
423410,923,13312202,931185,13754
42342,8250,38382325,6901056,125241
423420,8250,38382325,6901056,125241
42343,9269,232086391,21831518,222821
423430,9269,232086391,21831518,222821
42344,4172,21133091,2383504,47221
423440,4172,21133091,2383504,47221
42345,9652,162874812,18317760,201342
423450,9652,162874812,18317760,201342
42346,1160,10412771,1070495,22479
423460,1160,10412771,1070495,22479
42349,2169,19032618,2195331,31912
423490,2169,19032618,2195331,31912
4235,10763,244477392,9081148,151769
42351,10318,217314460,8746116,148480
423510,10318,217314460,8746116,148480
42352,445,27162932,335032,3289
423520,445,27162932,335032,3289
4236,30134,539296081,45484606,526585
42361,14544,136972727,12592197,185453
423610,14544,136972727,12592197,185453
42362,2696,90151727,2816674,43478
423620,2696,90151727,2816674,43478
42369,12894,312171627,30075735,297654
423690,12894,312171627,30075735,297654
4237,19875,141138479,12930646,230146
42371,6960,49306097,4445617,86074
423710,6960,49306097,4445617,86074
42372,6068,44681985,3988005,71105
423720,6068,44681985,3988005,71105
42373,5514,40665486,3790220,59937
423730,5514,40665486,3790220,59937
42374,1333,6484911,706804,13030
423740,1333,6484911,706804,13030
4238,59258,521274799,43113525,725201
42381,4907,78296835,5488659,87127
423810,4907,78296835,5488659,87127
42382,7812,90020956,5020359,103161
423820,7812,90020956,5020359,103161
42383,31448,221968275,22586821,358207
423830,31448,221968275,22586821,358207
42384,7931,68628840,5367182,91359
423840,7931,68628840,5367182,91359
42385,4641,19895925,2247914,48349
423850,4641,19895925,2247914,48349
42386,2519,42463968,2402590,36998
423860,2519,42463968,2402590,36998
4239,34685,264986004,16772693,348489
42391,5928,36413740,2975654,57714
423910,5928,36413740,2975654,57714
42392,2239,25952110,2105783,34108
423920,2239,25952110,2105783,34108
42393,8888,95784210,4899981,117760
423930,8888,95784210,4899981,117760
42394,7931,63274850,2630726,54293
423940,7931,63274850,2630726,54293
42399,9699,43561094,4160549,84614
423990,9699,43561094,4160549,84614
424,130669,4108368100,131751902,2243665
4241,10735,137761949,7916434,151819
42411,1070,26883848,940730,13751
424110,1070,26883848,940730,13751
42412,4999,39536652,3131911,73351
424120,4999,39536652,3131911,73351
42413,4666,71341449,3843793,64717
424130,4666,71341449,3843793,64717
4242,9954,684554178,28688928,298058
42421,9954,684554178,28688928,298058
424210,9954,684554178,28688928,298058
4243,16287,153744836,10975904,197412
42431,3029,14330850,1192357,24394
424310,3029,14330850,1192357,24394
42432,3938,43641875,2853451,55760
424320,3938,43641875,2853451,55760
42433,7751,64694471,4945433,91076
424330,7751,64694471,4945433,91076
42434,1569,31077640,1984663,26182
424340,1569,31077640,1984663,26182
4244,33892,807626674,37935627,769183
42441,2621,160262956,7039229,132357
424410,2621,160262956,7039229,132357
42442,3521,97560815,4032413,78778
424420,3521,97560815,4032413,78778
42443,2158,66148587,2508117,45856
424430,2158,66148587,2508117,45856
42444,509,13485616,459742,10994
424440,509,13485616,459742,10994
42445,2145,44254741,2861960,54576
424450,2145,44254741,2861960,54576
42446,1938,14305670,820577,20564
424460,1938,14305670,820577,20564
42447,2383,50404611,1908037,42867
424470,2383,50404611,1908037,42867
42448,4859,74572362,4481458,105707
424480,4859,74572362,4481458,105707
42449,13758,286631316,13824094,277484
424490,13758,286631316,13824094,277484
4245,6291,254529608,3087939,60393
42451,4889,231414789,2612678,49603
424510,4889,231414789,2612678,49603
42452,759,7334020,120926,5285
424520,759,7334020,120926,5285
42459,643,15780799,354335,5505
424590,643,15780799,354335,5505
4246,13250,213659997,10456996,150462
42461,3365,44424711,2100985,32565
424610,3365,44424711,2100985,32565
42469,9885,169235286,8356011,117897
424690,9885,169235286,8356011,117897
4247,6682,1385511200,7130098,101963
42471,4305,872619055,4633805,73309
424710,4305,872619055,4633805,73309
42472,2377,512892145,2496293,28654
424720,2377,512892145,2496293,28654
4248,4434,136768406,10747219,188024
42481,1933,58031992,5327091,106762
424810,1933,58031992,5327091,106762
42482,2501,78736414,5420128,81262
424820,2501,78736414,5420128,81262
4249,29144,334211252,14812757,326351
42491,8548,129772153,4911324,91994
424910,8548,129772153,4911324,91994
42492,2246,23201061,1851363,42331
424920,2246,23201061,1851363,42331
42493,3482,9929205,1485776,46107
424930,3482,9929205,1485776,46107
42494,1376,115877204,2155354,48033
424940,1376,115877204,2155354,48033
42495,1911,14016616,990202,17945
424950,1911,14016616,990202,17945
42499,11581,41415013,3418738,79941
424990,11581,41415013,3418738,79941
425,43433,639470317,13595726,283242
4251,43433,639470317,13595726,283242
42511,341,3095370,78648,1216
425110,341,3095370,78648,1216
42512,43092,636374947,13517078,282026
425120,43092,636374947,13517078,282026
44,1062083,4219821871,369001350,14703529
441,116482,868805272,70165135,1709998
4411,45223,739776674,52003167,1098139
44111,21292,672549706,47524016,973745
441110,21292,672549706,47524016,973745
44112,23931,67226968,4479151,124394
441120,23931,67226968,4479151,124394
4412,14249,47294169,4698240,125938
44121,2605,14244572,1332575,31857
441210,2605,14244572,1332575,31857
44122,11644,33049597,3365665,94081
441221,5098,17880323,1867485,53728
441222,4645,10642220,1112451,30071
441229,1901,4527054,385729,10282
4413,57010,81734429,13463728,485921
44131,36710,48307998,7628781,314166
441310,36710,48307998,7628781,314166
4413104,33490,44573183,6932694,290531
4413105,3220,3734815,696087,23635
44132,20300,33426431,5834947,171755
441320,20300,33426431,5834947,171755
442,51635,89057513,11485414,424651
4421,23657,48783521,6354196,191149
44211,23657,48783521,6354196,191149
442110,23657,48783521,6354196,191149
4422,27978,40273992,5131218,233502
44221,11373,14743653,2160056,60418
442210,11373,14743653,2160056,60418
44229,16605,25530339,2971162,173084
442291,1720,972900,160761,6004
442299,14885,24557439,2810401,167080
443,46789,100846140,9956881,415669
4431,46789,100846140,9956881,415669
44311,36411,71947316,7278995,306797
443111,8305,16168378,1902325,62233
443112,28106,55778938,5376670,244564
44312,9336,26184842,2358789,99923
443120,9336,26184842,2358789,99923
44313,1042,2713982,319097,8949
443130,1042,2713982,319097,8949
444,78282,279139970,33541585,1144716
4441,60384,240354992,29619935,997558
44411,6552,D, D ,m
444110,6552,D, D ,m
44412,6986,D, D ,k
444120,6986,D, D ,k
44413,15454,20420397,3075560,133953
444130,15454,20420397,3075560,133953
44419,31392,79638296,10409928,254720
444190,31392,79638296,10409928,254720
4441901,7127,25249389,2945045,77807
4441902,24265,54388907,7464883,176913
4442,17898,38784978,3921650,147158
44421,3970,5746619,726614,23860
444210,3970,5746619,726614,23860
44422,13928,33038359,3195036,123298
444220,13928,33038359,3195036,123298
445,147579,620023564,60538990,2864650
4451,92849,559837908,55064797,2571578
44511,66343,537322180,53157832,2457196
445110,66343,537322180,53157832,2457196
44512,26506,22515728,1906965,114382
445120,26506,22515728,1906965,114382
4452,22105,17559559,2426894,140292
44521,5365,5794968,721611,35337
445210,5365,5794968,721611,35337
44522,1964,2105437,223342,10466
445220,1964,2105437,223342,10466
44523,2761,3584168,402007,20077
445230,2761,3584168,402007,20077
44529,12015,6074986,1079934,74412
445291,3276,1536363,315406,18156
445292,3215,1773905,263468,19821
445299,5524,2764718,501060,36435
4453,32625,42626097,3047299,152780
44531,32625,42626097,3047299,152780
445310,32625,42626097,3047299,152780
446,90959,270461018,30995112,1002165
4461,90959,270461018,30995112,1002165
44611,43338,229638977,23892733,715773
446110,43338,229638977,23892733,715773
44612,15370,14709297,1906148,110237
446120,15370,14709297,1906148,110237
44613,12872,9744815,1987010,74391
446130,12872,9744815,1987010,74391
44619,19379,16367929,3209221,101764
446191,9060,5809779,780365,38589
446199,10319,10558150,2428856,63175
447,114474,554256274,15572362,856538
4471,114474,554256274,15572362,856538
44711,97394,427090073,12374364,714806
447110,97394,427090073,12374364,714806
44719,17080,127166201,3197998,141732
447190,17080,127166201,3197998,141732
448,147709,233811859,28000122,1664114
4481,97721,172384550,20563937,1329707
44811,7354,8040099,1313585,51818
448110,7354,8040099,1313585,51818
44812,36344,40983371,5465589,358578
448120,36344,40983371,5465589,358578
44813,6962,9368471,1004965,82883
448130,6962,9368471,1004965,82883
44814,27770,92135969,9979870,672133
448140,27770,92135969,9979870,672133
44815,8259,9031202,1031271,57916
448150,8259,9031202,1031271,57916
44819,11032,12825438,1768657,106379
448190,11032,12825438,1768657,106379
4482,25551,30758817,3463089,203812
44821,25551,30758817,3463089,203812
448210,25551,30758817,3463089,203812
4482101,977,815334,108631,3937
4482102,2718,2198631,329486,17460
4482103,998,750691,90677,6304
4482104,14381,15720281,1843740,101810
4482105,6477,11273880,1090555,74301
4483,24437,30668492,3973096,130595
44831,23477,28294907,3797520,125024
448310,23477,28294907,3797520,125024
44832,960,2373585,175576,5571
448320,960,2373585,175576,5571
451,48390,79400557,9381372,534773
4511,38030,64825089,7661571,420922
45111,21132,40656701,4542973,227660
451110,21132,40656701,4542973,227660
4511101,6150,22735783,2373474,124011
4511102,14982,17920918,2169499,103649
45112,8214,15887894,1877485,125234
451120,8214,15887894,1877485,125234
45113,4825,3921052,545279,39482
451130,4825,3921052,545279,39482
45114,3859,4359442,695834,28546
451140,3859,4359442,695834,28546
4512,10360,14575468,1719801,113851
45121,8323,12824385,1474460,97904
451211,7176,11869136,1331266,89933
4512111,3054,5754187,724286,46806
4512112,1856,1113113,157868,12731
4512113,2266,5001836,449112,30396
451212,1147,955249,143194,7971
45122,2037,1751083,245341,15947
451220,2037,1751083,245341,15947
452,49147,640626768,58048133,2772612
4521,8064,177312596,19399171,1047627
45211,8064,177312596,19399171,1047627
452111,3339,62961094,8650547,449216
452112,4725,114351502,10748624,598411
4529,41083,463314172,38648962,1724985
45291,5114,406309154,33279751,1394352
452910,5114,406309154,33279751,1394352
45299,35969,57005018,5369211,330633
452990,35969,57005018,5369211,330633
4529901,27207,38324944,3462996,225026
4529904,8762,18680074,1906215,105607
453,107040,97588439,14176496,713315
4531,14606,4703138,1023120,64056
45311,14606,4703138,1023120,64056
453110,14606,4703138,1023120,64056
4532,32275,31536427,4191168,241502
45321,7282,17070675,1850040,90678
453210,7282,17070675,1850040,90678
45322,24993,14465752,2341128,150824
453220,24993,14465752,2341128,150824
4533,19704,12956363,3001839,169753
45331,19704,12956363,3001839,169753
453310,19704,12956363,3001839,169753
4539,40455,48392511,5960369,238004
45391,8792,14721632,2085256,105500
453910,8792,14721632,2085256,105500
45392,5008,6554652,887419,16537
453920,5008,6554652,887419,16537
45393,2256,3806445,392667,10829
453930,2256,3806445,392667,10829
45399,24399,23309782,2595027,105138
453991,8924,8581949,576677,33233
453998,15475,14727833,2018350,71905
454,63597,385804497,27139748,600328
4541,29618,322958117,19759705,390553
45411,29618,322958117,19759705,390553
454111,23052,161314843,8611369,188906
4541111,2289,60802015,1765363,30456
4541112,20763,100512828,6846006,158450
454112,426,4251881,908855,5449
454113,6140,157391393,10239481,196198
4541131,616,13897071,1015550,24519
4541132,5475,133777530,8597296,161210
4541133,49,9716792,626635,10469
4542,4144,5886486,1069412,34476
45421,4144,5886486,1069412,34476
454210,4144,5886486,1069412,34476
4543,29835,56959894,6310631,175299
45431,9070,35476553,2991713,76080
454311,3467,21819693,1507422,34629
454312,5457,13561964,1472453,40984
454319,146,94896,11838,467
45439,20765,21483341,3318918,99219
454390,20765,21483341,3318918,99219
4543901,5140,4366025,630108,19507
4543902,908,725258,92854,4398
4543903,14717,16392058,2595956,75314
48,213809,730541303,183840920,4305464
481,4979,181272565,26235674,444575
4811,2624,163848732,23532876,408185
48111,2624,163848732,23532876,408185
481111,2231,157177234,22802763,398335
481112,393,6671498,730113,9850
4812,2355,17423833,2702798,36390
48121,2355,17423833,2702798,36390
481211,1624,11451468,2072321,27910
481212,156,4173316,224687,2776
481219,575,1799049,405790,5704
483,1496,41708660,4801895,67428
4831,962,33341914,3426107,46877
48311,962,33341914,3426107,46877
483111,327,9639955,816064,9149
483112,41,16324925,948286,16177
483113,480,7006467,1571686,19782
483114,114,370567,90071,1769
4832,534,8366746,1375788,20551
48321,534,8366746,1375788,20551
483211,328,8074181,1282691,18389
483212,206,292565,93097,2162
484,111899,238003186,57861069,1363102
4841,64068,153027972,38164096,896434
48411,26456,23359554,6614109,175308
484110,26456,23359554,6614109,175308
48412,37612,129668418,31549987,721126
484121,29851,92215444,18899388,470492
484122,7761,37452974,12650599,250634
4842,47831,84975214,19696973,466668
48421,7826,13651293,2963149,89697
484210,7826,13651293,2963149,89697
48422,30167,36171307,8860189,213794
484220,30167,36171307,8860189,213794
48423,9838,35152614,7873635,163177
484230,9838,35152614,7873635,163177
485,18735,28687226,11275499,495105
4851,834,3672499,2021937,47813
48511,834,3672499,2021937,47813
485111,17,D, D ,f
485112,9,D, D ,h
485113,772,2894674,1702180,42951
485119,36,314601,116889,1630
4852,507,1151483,445576,16663
48521,507,1151483,445576,16663
485210,507,1151483,445576,16663
4853,7506,6614317,1780095,75466
48531,3050,2476673,729417,33404
485310,3050,2476673,729417,33404
48532,4456,4137644,1050678,42062
485320,4456,4137644,1050678,42062
4854,4327,9443990,4206391,239563
48541,4327,9443990,4206391,239563
485410,4327,9443990,4206391,239563
4855,1388,3078003,885906,33850
48551,1388,3078003,885906,33850
485510,1388,3078003,885906,33850
4859,4173,4726934,1935594,81750
48599,4173,4726934,1935594,81750
485991,2833,3521904,1496769,61605
485999,1340,1205030,438825,20145
486,3391,36483158,5085561,47387
4861,658,6800729,1195304,11299
48611,658,6800729,1195304,11299
486110,658,6800729,1195304,11299
4862,2118,22986921,3245961,29597
48621,2118,22986921,3245961,29597
486210,2118,22986921,3245961,29597
4869,615,6695508,644296,6491
48691,580,6416864,622821,6233
486910,580,6416864,622821,6233
48699,35,278644,21475,258
486990,35,278644,21475,258
487,2573,3092261,832436,27925
4871,592,1010050,300816,10974
48711,592,1010050,300816,10974
487110,592,1010050,300816,10974
4872,1761,1579684,428790,14400
48721,1761,1579684,428790,14400
487210,1761,1579684,428790,14400
4879,220,502527,102830,2551
48799,220,502527,102830,2551
487990,220,502527,102830,2551
488,42489,103438615,28435421,617663
4881,5950,22474388,6839656,166466
48811,2221,6928099,2273285,81226
488111,247,245500,98134,1541
488119,1974,6682599,2175151,79685
48819,3729,15546289,4566371,85240
488190,3729,15546289,4566371,85240
4882,1275,4835940,1448653,32100
48821,1275,4835940,1448653,32100
488210,1275,4835940,1448653,32100
4883,2526,16486242,5049354,84746
48831,355,2359128,378398,7096
488310,355,2359128,378398,7096
48832,460,8903626,3150943,53313
488320,460,8903626,3150943,53313
48833,860,3167702,846356,12422
488330,860,3167702,846356,12422
48839,851,2055786,673657,11915
488390,851,2055786,673657,11915
4884,10860,7511269,2531589,87712
48841,8385,5108880,1626026,55587
488410,8385,5108880,1626026,55587
48849,2475,2402389,905563,32125
488490,2475,2402389,905563,32125
4885,20520,50145296,12108381,231574
48851,20520,50145296,12108381,231574
488510,20520,50145296,12108381,231574
4889,1358,1985480,457788,15065
48899,1358,1985480,457788,15065
488991,1348,1919326,441973,14629
488999,10,66154,15815,436
492,13799,69361977,21156531,529489
4921,9185,65800624,20263275,497709
49211,9185,65800624,20263275,497709
492110,9185,65800624,20263275,497709
4922,4614,3561353,893256,31780
49221,4614,3561353,893256,31780
492210,4614,3561353,893256,31780
493,14448,28493655,28156834,712790
4931,14448,28493655,28156834,712790
49311,10243,17617039,23162725,599384
493110,10243,17617039,23162725,599384
49312,1175,4097750,1729454,41823
493120,1175,4097750,1729454,41823
49313,525,737768,205501,4816
493130,525,737768,205501,4816
49319,2505,6041098,3059154,66767
493190,2505,6041098,3059154,66767
51,138341,1238463251,269069624,3321226
511,27788,272151629,80426200,876286
5111,18940,101076274,25049971,465526
51111,7663,29790426,9456066,234245
511110,7663,29790426,9456066,234245
51112,6475,29337951,7274086,107929
511120,6475,29337951,7274086,107929
51113,2663,26732066,5169743,72329
511130,2663,26732066,5169743,72329
51114,1287,10117670,2240545,33940
511140,1287,10117670,2240545,33940
51119,852,5098161,909531,17083
511191,101,3683581,542165,9736
511199,751,1414580,367366,7347
5112,8848,171075355,55376229,410760
51121,8848,171075355,55376229,410760
511210,8848,171075355,55376229,410760
512,25018,91974472,16251959,304497
5121,21264,80762375,14299150,280679
51211,13616,60223530,10614411,120803
512110,13616,60223530,10614411,120803
51212,381,1662433,233221,2843
512120,381,1662433,233221,2843
51213,4786,13544039,1426495,131254
512131,4571,13450649,1410922,129808
512132,215,93390,15573,1446
51219,2481,5332373,2025023,25779
512191,2291,4815225,1885575,23796
512199,190,517148,139448,1983
5122,3754,11212097,1952809,23818
51221,349,213966,50770,857
512210,349,213966,50770,857
51222,431,5408250,999595,7853
512220,431,5408250,999595,7853
51223,772,4176142,435536,5645
512230,772,4176142,435536,5645
51224,1680,912544,314943,6311
512240,1680,912544,314943,6311
51229,522,501195,151965,3152
512290,522,501195,151965,3152
515,9597,126722590,20332140,278168
5151,8825,63126164,14115231,222544
51511,6735,18000254,5181605,104030
515111,776,5158152,827591,11425
515112,5959,12842102,4354014,92605
51512,2090,45125910,8933626,118514
515120,2090,45125910,8933626,118514
5152,772,63596426,6216909,55624
51521,772,63596426,6216909,55624
515210,772,63596426,6216909,55624
517,50698,545593907,75895323,1134466
5171,32688,285662963,54232375,781189
51711,32688,285662963,54232375,781189
517110,32688,285662963,54232375,781189
5172,13458,225397016,17041080,293105
51721,13458,225397016,17041080,293105
517210,13458,225397016,17041080,293105
5174,535,6801675,858616,9593
51741,535,6801675,858616,9593
517410,535,6801675,858616,9593
5179,4017,27732253,3763252,50579
51791,4017,27732253,3763252,50579
517911,1857,14645478,1423530,23777
517919,2160,13086775,2339722,26802
518,14689,107994265,41126425,497300
5182,14689,107994265,41126425,497300
51821,14689,107994265,41126425,497300
518210,14689,107994265,41126425,497300
519,10551,94026388,35037577,230509
5191,10551,94026388,35037577,230509
51911,507,1958626,610254,7331
519110,507,1958626,610254,7331
51912,2346,2179631,825915,28901
519120,2346,2179631,825915,28901
51913,6936,87946171,32931565,183436
519130,6936,87946171,32931565,183436
51919,762,1941960,669843,10841
519190,762,1941960,669843,10841
52,468183,3636114357,523553280,6040880
521,56,100171340,1745082,17457
5211,56,100171340,1745082,17457
52111,56,100171340,1745082,17457
521110,56,100171340,1745082,17457
522,196147,1095191602,184194668,2815436
5221,125488,480627316,126921385,2038914
52211,97222,390155000,107493255,1646395
522110,97222,390155000,107493255,1646395
52212,9591,D, D ,m
522120,9591,D, D ,m
52213,18665,49986801,11339980,255649
522130,18665,49986801,11339980,255649
52219,10,D, D ,g
522190,10,D, D ,g
5222,41020,535960486,41470122,526719
52221,1095,81762669,4235378,67504
522210,1095,81762669,4235378,67504
52222,4337,83388640,8092436,85868
522220,4337,83388640,8092436,85868
52229,35588,370809177,29142308,373347
522291,12423,29680913,4044701,71344
522292,12572,87609051,19239615,218196
522293,173,614741,104556,793
522294,137,D, D ,j
522298,10283,D, D ,l
5223,29639,78603800,15803161,249803
52231,7627,7909362,2639924,34573
522310,7627,7909362,2639924,34573
52232,4705,56747694,9777832,128040
522320,4705,56747694,9777832,128040
52239,17307,13946744,3385405,87190
522390,17307,13946744,3385405,87190
523,95906,515453286,168427512,903558
5231,45428,236512139,79762665,425910
52311,3142,104079040,33180014,97860
523110,3142,104079040,33180014,97860
52312,40298,120382829,43678044,310652
523120,40298,120382829,43678044,310652
52313,727,6672968,1563745,7026
523130,727,6672968,1563745,7026
52314,1261,5377302,1340862,10372
523140,1261,5377302,1340862,10372
5232,29,9693795,1215602,6388
52321,29,9693795,1215602,6388
523210,29,9693795,1215602,6388
5239,50449,269247352,87449245,471260
52391,8006,18895451,6032505,38658
523910,8006,18895451,6032505,38658
52392,23559,193246038,65262982,270805
523920,23559,193246038,65262982,270805
52393,15735,32226538,11114088,101953
523930,15735,32226538,11114088,101953
52399,3149,24879325,5039670,59844
523991,2396,16693578,2878075,39014
523999,753,8185747,2161595,20830
524,176074,1925298129,169186018,2304429
5241,31784,1661469008,118079104,1448112
52411,13548,1142018510,69970154,836123
524113,8939,494705909,31563613,350207
524114,4609,647312601,38406541,485916
52412,17855,470033022,45836458,598640
524126,14603,445749327,41522999,533978
524127,2763,13919129,2713148,43250
524128,489,10364566,1600311,21412
52413,381,49417476,2272492,13349
524130,381,49417476,2272492,13349
5242,144290,263829121,51106914,856317
52421,132882,106844034,37499689,640258
524210,132882,106844034,37499689,640258
52429,11408,156985087,13607225,216059
524291,4534,6117944,2474094,36303
524292,4796,145245780,9132175,152227
524298,2078,5621363,2000956,27529
53,354106,487655249,85325956,1923770
531,295780,325338128,60945139,1402545
5311,124046,196559160,20767209,548697
53111,65701,85980113,10108008,311136
531110,65701,85980113,10108008,311136
53112,34551,96132200,8909603,170381
531120,34551,96132200,8909603,170381
53113,15081,7801906,876670,37124
531130,15081,7801906,876670,37124
53119,8713,6644941,872928,30056
531190,8713,6644941,872928,30056
5312,86095,65093540,13544301,241045
53121,86095,65093540,13544301,241045
531210,86095,65093540,13544301,241045
5313,85639,63685428,26633629,612803
53131,58120,47178251,21564145,527343
531311,40918,31504659,13889490,391712
531312,17202,15673592,7674655,135631
53132,14024,5824284,1934773,36948
531320,14024,5824284,1934773,36948
53139,13495,10682893,3134711,48512
531390,13495,10682893,3134711,48512
532,55795,129335632,21251503,485258
5321,16206,48413775,6252414,153934
53211,10482,32746718,4250897,109472
532111,9948,25032759,3734636,101415
532112,534,7713959,516261,8057
53212,5724,15667057,2001517,44462
532120,5724,15667057,2001517,44462
5322,22481,21714609,4683831,154364
53221,6993,6667452,1260521,38120
532210,6993,6667452,1260521,38120
53222,1180,455637,138656,6459
532220,1180,455637,138656,6459
53223,4734,4486485,497895,30390
532230,4734,4486485,497895,30390
53229,9574,10105035,2786759,79395
532291,3597,5416567,1397925,33935
532292,1871,815942,188221,8550
532299,4106,3872526,1200613,36910
5323,2977,2327155,588285,16951
53231,2977,2327155,588285,16951
532310,2977,2327155,588285,16951
5324,14131,56880093,9726973,160009
53241,5220,30480393,4253883,60304
532411,634,10963150,496781,4103
532412,4586,19517243,3757102,56201
53242,679,2091031,382758,5723
532420,679,2091031,382758,5723
53249,8232,24308669,5090332,93982
532490,8232,24308669,5090332,93982
533,2531,32981489,3129314,35967
5331,2531,32981489,3129314,35967
53311,2531,32981489,3129314,35967
533110,2531,32981489,3129314,35967
54,856463,1480277061,581406127,8203735
541,856463,1480277061,581406127,8203735
5411,186831,261694645,93393076,1148683
54111,173943,248884540,89454410,1065249
541110,173943,248884540,89454410,1065249
54119,12888,12810105,3938666,83434
541191,9602,9553727,2977039,62517
541199,3286,3256378,961627,20917
5412,127855,130261064,61428722,1443462
54121,127855,130261064,61428722,1443462
541211,57150,76910557,30144028,438613
541213,27049,5847892,1837555,202917
541214,5935,29306461,20880138,577295
541219,37721,18196154,8567001,224637
5413,107342,265946642,103155052,1354603
54131,20869,28128771,10310982,150030
541310,20869,28128771,10310982,150030
54132,4884,2796029,1032726,21605
541320,4884,2796029,1032726,21605
54133,58293,208124038,81185364,985389
541330,58293,208124038,81185364,985389
54134,2363,833293,345898,7430
541340,2363,833293,345898,7430
54135,5475,2004713,657811,17205
541350,5475,2004713,657811,17205
54136,760,3141222,848935,11570
541360,760,3141222,848935,11570
54137,8085,5594247,2250879,46356
541370,8085,5594247,2250879,46356
54138,6613,15324329,6522457,115018
541380,6613,15324329,6522457,115018
5414,29946,18207575,5332214,101088
54141,11449,7670819,1606252,34302
541410,11449,7670819,1606252,34302
54142,1437,1629021,742089,9665
541420,1437,1629021,742089,9665
54143,15298,7552462,2589524,49497
541430,15298,7552462,2589524,49497
54149,1762,1355273,394349,7624
541490,1762,1355273,394349,7624
5415,130408,326031285,125574738,1473241
54151,130408,326031285,125574738,1473241
541511,64314,121231992,50564757,630407
541512,47503,152706095,51716491,568576
541513,8114,34241591,14879521,176101
541519,10477,17851607,8413969,98157
5416,151627,207289073,78348389,1021271
54161,120813,170213499,65051305,828550
541611,68290,103813995,42280063,463495
541612,8217,16890369,7883970,104795
541613,30349,31853199,9508360,158771
541614,8137,13900011,4258726,83015
541618,5820,3755925,1120186,18474
54162,10221,13476737,4776859,78254
541620,10221,13476737,4776859,78254
54169,20593,23598837,8520225,114467
541690,20593,23598837,8520225,114467
5417,16992,116438675,63255647,623552
54171,15159,110720409,60909497,585737
541711,2901,16851195,10963066,80763
541712,12258,93869214,49946431,504974
54172,1833,5718266,2346150,37815
541720,1833,5718266,2346150,37815
5418,37540,87344525,28182524,447899
54181,13113,34831993,13568236,171246
541810,13113,34831993,13568236,171246
54182,7964,10134602,4391558,50370
541820,7964,10134602,4391558,50370
54183,955,6725301,1762418,20577
541830,955,6725301,1762418,20577
54184,1487,2936349,869811,11077
541840,1487,2936349,869811,11077
54185,2671,7157429,1174003,24737
541850,2671,7157429,1174003,24737
54186,2917,10200311,2295482,49933
541860,2917,10200311,2295482,49933
54187,797,2702694,637165,11109
541870,797,2702694,637165,11109
54189,7636,12655846,3483851,108850
541890,7636,12655846,3483851,108850
5419,67922,67063577,22735765,589936
54191,5543,16377634,5693069,102127
541910,5543,16377634,5693069,102127
54192,17351,5467847,1543627,67577
541921,13649,3682072,1080525,57025
541922,3702,1785775,463102,10552
54193,2344,4186526,1164558,24926
541930,2344,4186526,1164558,24926
54194,30049,29533401,10190218,321682
541940,30049,29533401,10190218,321682
54199,12635,11498169,4144293,73624
541990,12635,11498169,4144293,73624
55,53765,115513632,308764261,3082292
551,53765,115513632,308764261,3082292
5511,53765,115513632,308764261,3082292
55111,53765,115513632,308764261,3082292
551111,1946,18905193,1132190,15016
551112,6212,61179604,7264541,75750
551114,45607,35428835,300367530,2991526
56,386387,673036536,329013077,9774262
561,363188,593837306,311056595,9405895
5611,31396,43421286,20454669,383712
56111,31396,43421286,20454669,383712
561110,31396,43421286,20454669,383712
5612,5880,25442305,10696813,257123
56121,5880,25442305,10696813,257123
561210,5880,25442305,10696813,257123
5613,47719,238937256,172045324,4927823
56131,12209,16231988,8224456,199886
561311,6058,10525968,5473256,166660
561312,6151,5706020,2751200,33226
56132,31385,120088765,80913654,2892642
561320,31385,120088765,80913654,2892642
56133,4125,102616503,82907214,1835295
561330,4125,102616503,82907214,1835295
5614,33324,59694154,23315339,736892
56141,4600,3398501,1349321,44018
561410,4600,3398501,1349321,44018
56142,5253,18865517,10354593,399545
561421,1466,1946345,902735,36578
561422,3787,16919172,9451858,362967
56143,10051,8102789,2157514,71646
561431,4991,2328585,421935,21762
561439,5060,5774204,1735579,49884
56144,4654,12379387,4615566,129920
561440,4654,12379387,4615566,129920
56145,570,7061753,1909880,17535
561450,570,7061753,1909880,17535
56149,8196,9886207,2928465,74228
561491,939,633146,168246,5944
561492,3444,2116421,518938,12921
561499,3813,7136640,2241281,55363
5615,20078,34346376,10472905,229383
56151,13458,13731899,3933287,94611
561510,13458,13731899,3933287,94611
56152,2786,5372644,1022782,25721
561520,2786,5372644,1022782,25721
56159,3834,15241833,5516836,109051
561591,990,1589441,422338,9661
561599,2844,13652392,5094498,99390
5616,25892,46945077,23088085,853573
56161,15591,30277923,18113265,734250
561611,4637,4903574,1557236,41997
561612,10171,23040418,15520045,662544
561613,783,2333931,1035984,29709
56162,10301,16667154,4974820,119323
561621,6639,15030320,4476619,104517
561622,3662,1636834,498201,14806
5617,179496,107457544,41342616,1747995
56171,12929,10307386,3938931,102136
561710,12929,10307386,3938931,102136
56172,53954,36681028,17393357,969377
561720,53954,36681028,17393357,969377
56173,93058,51908304,17254573,578623
561730,93058,51908304,17254573,578623
56174,7807,3083433,1041640,39593
561740,7807,3083433,1041640,39593
56179,11748,5477393,1714115,58266
561790,11748,5477393,1714115,58266
5619,19403,37593308,9640844,269394
56191,1633,5938964,1316706,40123
561910,1633,5938964,1316706,40123
56192,4830,12023413,2834075,81252
561920,4830,12023413,2834075,81252
56199,12940,19630931,5490063,148019
561990,12940,19630931,5490063,148019
562,23199,79199230,17956482,368367
5621,10795,40297648,8637924,186676
56211,10795,40297648,8637924,186676
562111,9418,36560422,7831504,169275
562112,610,2249228,501308,9751
562119,767,1487998,305112,7650
5622,2445,14829311,3005286,50736
56221,2445,14829311,3005286,50736
562211,849,6698129,1776531,27782
562212,1275,5136031,770448,16209
562213,109,2489012,358252,4784
562219,212,506139,100055,1961
5629,9959,24072271,6313272,130955
56291,4070,14193037,4283808,78027
562910,4070,14193037,4283808,78027
56292,1442,5639304,769513,21630
562920,1442,5639304,769513,21630
56299,4447,4239930,1259951,31298
562991,3344,2626576,765714,20305
562998,1103,1613354,494237,10993
61,67960,53360305,17283363,642334
611,67960,53360305,17283363,642334
6114,8476,9890826,3265918,59987
61141,161,267208,102289,2871
611410,161,267208,102289,2871
61142,1664,1952519,594128,11542
611420,1664,1952519,594128,11542
61143,6651,7671099,2569501,45574
611430,6651,7671099,2569501,45574
6115,8201,13102762,4252757,114756
61151,8201,13102762,4252757,114756
611511,1953,1955158,613115,20880
611512,916,2456269,668674,13312
611513,1226,1270412,376209,12347
611519,4106,7420923,2594759,68217
6116,44351,18743648,6245001,384398
61161,12441,3848618,1218687,84732
611610,12441,3848618,1218687,84732
61162,14405,5200441,1625855,100507
611620,14405,5200441,1625855,100507
61163,1490,1407357,468465,22072
611630,1490,1407357,468465,22072
61169,16015,8287232,2931994,177087
611691,8801,4200580,1652768,128368
611692,2380,679449,248272,14715
611699,4834,3407203,1030954,34004
6117,6932,11623069,3519687,83193
61171,6932,11623069,3519687,83193
611710,6932,11623069,3519687,83193
62,831303,2040441203,801239522,18414757
621,582948,814094061,339715933,6474999
6211,220890,402215220,178658803,2235407
62111,220890,402215220,178658803,2235407
621111,210166,397449854,176591132,2196906
621112,10724,4765366,2067671,38501
6212,133221,104869940,39022542,882708
62121,133221,104869940,39022542,882708
621210,133221,104869940,39022542,882708
6213,140524,65782202,26754459,760313
62131,38796,11435826,3633025,131273
621310,38796,11435826,3633025,131273
62132,21561,12193911,3847252,114545
621320,21561,12193911,3847252,114545
62133,20581,7081573,3212078,103621
621330,20581,7081573,3212078,103621
62134,34251,24498263,12311759,309299
621340,34251,24498263,12311759,309299
62139,25335,10572629,3750345,101575
621391,8786,4421276,1517057,38166
621399,16549,6151353,2233288,63409
6214,34752,98371125,36608467,789127
62141,2262,2137517,798895,20720
621410,2262,2137517,798895,20720
62142,9629,14449490,7090693,209032
621420,9629,14449490,7090693,209032
62149,22861,81784118,28718879,559375
621491,548,6563751,2140400,33177
621492,5573,17382390,4585105,103885
621493,5956,21217123,5619913,122576
621498,10784,36620854,16373461,299737
6215,13506,46137917,14875417,253745
62151,13506,46137917,14875417,253745
621511,6697,29466777,9345164,160845
621512,6809,16671140,5530253,92900
6216,30139,65447269,32758657,1263528
62161,30139,65447269,32758657,1263528
621610,30139,65447269,32758657,1263528
6219,9916,31270388,11037588,290171
62191,5047,13228908,5451635,165246
621910,5047,13228908,5451635,165246
62199,4869,18041480,5585953,124925
621991,1320,10204793,2991508,71198
621999,3549,7836687,2594445,53727
622,6475,876849962,317331697,5751341
6221,5001,816614961,291633042,5256237
62211,5001,816614961,291633042,5256237
622110,5001,816614961,291633042,5256237
6222,584,20338476,10495869,225500
62221,584,20338476,10495869,225500
622210,584,20338476,10495869,225500
6223,890,39896525,15202786,269604
62231,890,39896525,15202786,269604
622310,890,39896525,15202786,269604
623,80640,203170751,86651406,3364147
6231,16617,110351382,47484685,1711940
62311,16617,110351382,47484685,1711940
623110,16617,110351382,47484685,1711940
6232,36545,33756312,16556672,700053
62321,29240,22129455,11426658,522953
623210,29240,22129455,11426658,522953
62322,7305,11626857,5130014,177100
623220,7305,11626857,5130014,177100
6233,22380,51101441,18822634,818748
62331,22380,51101441,18822634,818748
623311,4815,27611764,10682704,423627
623312,17565,23489677,8139930,395121
6239,5098,7961616,3787415,133406
62399,5098,7961616,3787415,133406
623990,5098,7961616,3787415,133406
624,161240,146326429,57540486,2824270
6241,63836,74109163,31027251,1458880
62411,10683,12211391,4758448,167952
624110,10683,12211391,4758448,167952
62412,25964,34087220,15755748,901359
624120,25964,34087220,15755748,901359
62419,27189,27810552,10513055,389569
624190,27189,27810552,10513055,389569
6242,14241,27694898,5179427,176157
62421,4525,8216958,953049,37667
624210,4525,8216958,953049,37667
62422,8446,10775196,3420151,117616
624221,3928,4279204,1789723,67601
624229,4518,6495992,1630428,50015
62423,1270,8702744,806227,20874
624230,1270,8702744,806227,20874
6243,7832,12430040,5684548,312659
62431,7832,12430040,5684548,312659
624310,7832,12430040,5684548,312659
6244,75331,32092328,15649260,876574
62441,75331,32092328,15649260,876574
624410,75331,32092328,15649260,876574
71,124591,201193299,64051613,2081668
711,45612,86420885,31544563,433569
7111,8508,13857136,3950021,119372
71111,3291,7018444,2017919,65883
711110,3291,7018444,2017919,65883
71112,466,631747,239140,8763
711120,466,631747,239140,8763
71113,4453,5054403,1499434,38812
711130,4453,5054403,1499434,38812
71119,298,1152542,193528,5914
711190,298,1152542,193528,5914
7112,4164,33297906,16653456,118123
71121,4164,33297906,16653456,118123
711211,941,22671864,14563909,58826
711212,644,7434157,1250706,43252
711219,2579,3191885,838841,16045
7113,6846,18473777,3211323,136920
71131,2776,10074391,2079364,112640
711310,2776,10074391,2079364,112640
71132,4070,8399386,1131959,24280
711320,4070,8399386,1131959,24280
7114,3716,5832382,1885792,17948
71141,3716,5832382,1885792,17948
711410,3716,5832382,1885792,17948
7115,22378,14959684,5843971,41206
71151,22378,14959684,5843971,41206
711510,22378,14959684,5843971,41206
712,7319,13726081,4197281,135348
7121,7319,13726081,4197281,135348
71211,4963,9190859,2739238,86802
712110,4963,9190859,2739238,86802
71212,1123,701333,241703,10034
712120,1123,701333,241703,10034
71213,599,3088756,1005408,31841
712130,599,3088756,1005408,31841
71219,634,745133,210932,6671
712190,634,745133,210932,6671
713,71660,101046333,28309769,1512751
7131,3299,14302234,3386360,155001
71311,442,12596971,2937857,116148
713110,442,12596971,2937857,116148
71312,2857,1705263,448503,38853
713120,2857,1705263,448503,38853
7132,2886,24385212,4271514,149275
71321,282,15688284,2937255,97277
713210,282,15688284,2937255,97277
71329,2604,8696928,1334259,51998
713290,2604,8696928,1334259,51998
7139,65475,62358887,20651895,1208475
71391,11602,20812277,8099075,314951
713910,11602,20812277,8099075,314951
71392,369,2214811,711566,75922
713920,369,2214811,711566,75922
71393,3782,3891178,917284,27359
713930,3782,3891178,917284,27359
71394,29789,24050883,7930805,610177
713940,29789,24050883,7930805,610177
71395,4063,3083247,925590,71014
713950,4063,3083247,925590,71014
71399,15870,8306491,2067575,109052
713990,15870,8306491,2067575,109052
72,662489,708138598,196103341,12007689
721,63833,195858388,50120659,1950081
7211,54289,189672313,48683242,1897599
72111,49543,134515151,34870559,1459494
721110,49543,134515151,34870559,1459494
72112,358,53410351,13378596,414420
721120,358,53410351,13378596,414420
72119,4388,1746811,434087,23685
721191,3004,1044042,264022,15740
721199,1384,702769,170065,7945
7212,7414,4838704,1219751,40561
72121,7414,4838704,1219751,40561
721211,4422,2367002,495195,19747
721214,2992,2471702,724556,20814
7213,2130,1347371,217666,11921
72131,2130,1347371,217666,11921
721310,2130,1347371,217666,11921
722,598656,512280210,145982682,10057608
7221,231927,224320799,74086843,4772294
72211,231927,224320799,74086843,4772294
722110,231927,224320799,74086843,4772294
7222,285981,223021294,54462797,4268977
72221,285981,223021294,54462797,4268977
722211,224766,185366032,45377104,3588611
722212,6373,6720567,1685878,127496
722213,54842,30934695,7399815,552870
7222131,11066,3717047,875736,93006
7222132,3615,998686,228778,22459
7222133,8736,4865055,1153964,83972
7222134,2349,1407746,342111,22900
7222135,19454,13229728,3118828,209393
7222136,591,214570,52159,4580
7222137,9031,6501863,1628239,116560
7223,38974,45212208,12734406,659825
72231,25857,37009096,10334974,518939
722310,25857,37009096,10334974,518939
72232,10265,7542609,2266755,131894
722320,10265,7542609,2266755,131894
72233,2852,660503,132677,8992
722330,2852,660503,132677,8992
7224,41774,19725909,4698636,356512
72241,41774,19725909,4698636,356512
722410,41774,19725909,4698636,356512
81,529691,426693675,108185736,3430711
811,210151,143943567,41273746,1194122
8111,157152,90804734,25293872,832718
81111,90565,45376325,12021707,374231
811111,79516,40514767,10699955,331740
811112,1928,682292,173848,6541
811113,5086,2289742,644226,19320
811118,4035,1889524,503678,16630
81112,39740,31845037,9327391,246535
811121,33872,28569690,8460513,217358
811122,5868,3275347,866878,29177
81119,26847,13583372,3944774,211952
811191,8726,5021797,1305375,60417
811192,14782,7024067,2221760,137822
811198,3339,1537508,417639,13713
8112,12201,15719278,4729342,103125
81121,12201,15719278,4729342,103125
811211,1795,1723924,488157,14143
811212,5321,4801932,1504338,37287
811213,1532,2627273,627118,13606
811219,3553,6566149,2109729,38089
8113,21021,31065499,9397458,192448
81131,21021,31065499,9397458,192448
811310,21021,31065499,9397458,192448
8114,19777,6354056,1853074,65831
81141,5930,2451849,644017,21612
811411,1701,476204,95560,4154
811412,4229,1975645,548457,17458
81142,3733,975867,338101,12823
811420,3733,975867,338101,12823
81143,1039,196686,52727,2478
811430,1039,196686,52727,2478
81149,9075,2729654,818229,28918
811490,9075,2729654,818229,28918
812,212568,87031329,28674529,1349371
8121,118113,29532973,11801960,650219
81211,97607,22785000,9752673,511612
812111,3779,536316,246848,12936
812112,76484,19259317,8639656,440247
812113,17344,2989367,866169,58429
81219,20506,6747973,2049287,138607
812191,3186,1919372,470692,34133
812199,17320,4828601,1578595,104474
8122,20932,16301922,4443260,141126
81221,15638,13004454,3275753,108473
812210,15638,13004454,3275753,108473
81222,5294,3297468,1167507,32653
812220,5294,3297468,1167507,32653
8123,35821,23360078,7166099,299727
81231,10899,3549101,624817,40063
812310,10899,3549101,624817,40063
81232,22558,7582946,2517907,143251
812320,22558,7582946,2517907,143251
81233,2364,12228031,4023375,116413
812331,1054,5138789,1704999,55961
812332,1310,7089242,2318376,60452
8129,37702,17836356,5263210,258299
81291,14060,3375800,1274449,73985
812910,14060,3375800,1274449,73985
81292,843,1612942,380706,8094
812921,609,1538991,361451,7206
812922,234,73951,19255,888
81293,12585,7470925,2321617,132128
812930,12585,7470925,2321617,132128
81299,10214,5376689,1286438,44092
812990,10214,5376689,1286438,44092
813,106972,195718779,38237461,887218
8132,19288,90707677,9122633,173912
81321,19288,90707677,9122633,173912
813211,11515,61611047,4707221,89272
813212,4390,17818716,3083982,54531
813219,3383,11277914,1331430,30109
8133,16886,24550782,6427062,151437
81331,16886,24550782,6427062,151437
813311,3247,7203824,1663992,33832
813312,7095,9105546,2530597,65618
813319,6544,8241412,2232473,51987
8134,26676,16053994,4479263,229766
81341,26676,16053994,4479263,229766
813410,26676,16053994,4479263,229766
8139,44122,64406326,18208503,332103
81391,16522,23724292,7380717,112831
813910,16522,23724292,7380717,112831
81392,6992,18565199,5879209,84198
813920,6992,18565199,5879209,84198
81399,20608,22116835,4948577,135074
813990,20608,22116835,4948577,135074
